{
  "1": {
    "precision": 0.9929906542056075,
    "recall": 0.9929906542056075,
    "f1-score": 0.9929906542056075,
    "support": 1284.0
  },
  "2": {
    "precision": 0.9887054735013032,
    "recall": 0.9956255468066492,
    "f1-score": 0.992153443766347,
    "support": 1143.0
  },
  "3": {
    "precision": 0.9947368421052631,
    "recall": 0.9912587412587412,
    "f1-score": 0.9929947460595446,
    "support": 1144.0
  },
  "4": {
    "precision": 0.9901960784313726,
    "recall": 0.9946284691136974,
    "f1-score": 0.9924073246985261,
    "support": 1117.0
  },
  "5": {
    "precision": 0.9864209505334627,
    "recall": 0.9970588235294118,
    "f1-score": 0.9917113603120429,
    "support": 1020.0
  },
  "6": {
    "precision": 0.996299722479186,
    "recall": 0.9898897058823529,
    "f1-score": 0.9930843706777317,
    "support": 1088.0
  },
  "7": {
    "precision": 0.9904926534140017,
    "recall": 0.9879310344827587,
    "f1-score": 0.9892101855848079,
    "support": 1160.0
  },
  "8": {
    "precision": 0.9884649511978705,
    "recall": 0.9937555753791257,
    "f1-score": 0.9911032028469751,
    "support": 1121.0
  },
  "9": {
    "precision": 0.9946332737030411,
    "recall": 0.9805996472663139,
    "f1-score": 0.9875666074600356,
    "support": 1134.0
  },
  "accuracy": 0.9914797767113896,
  "macro avg": {
    "precision": 0.9914378443967897,
    "recall": 0.9915264664360731,
    "f1-score": 0.991469099512402,
    "support": 10211.0
  },
  "weighted avg": {
    "precision": 0.9914990315759518,
    "recall": 0.9914797767113896,
    "f1-score": 0.9914767191019956,
    "support": 10211.0
  }
}